Time Stamp,IP Address,Count
2022-12-08 15:55:26,160.39.0.111,1
2022-12-08 15:55:26,160.39.0.138,1
2022-12-08 15:55:26,160.39.3.230,1
2022-12-08 15:55:26,160.39.3.236,1
2022-12-08 15:55:26,160.39.6.1,1
2022-12-08 15:55:26,160.39.6.100,1
2022-12-08 15:55:26,160.39.6.11,1
2022-12-08 15:55:26,160.39.6.2,1
2022-12-08 15:55:26,160.39.6.20,1
2022-12-08 15:55:26,160.39.6.24,1
2022-12-08 15:55:26,160.39.6.28,1
2022-12-08 15:55:26,160.39.6.37,1
2022-12-08 15:55:26,160.39.6.39,1
2022-12-08 15:55:26,160.39.6.41,1
2022-12-08 15:55:26,160.39.6.43,1
2022-12-08 15:55:26,160.39.6.44,1
2022-12-08 15:55:26,160.39.6.47,1
2022-12-08 15:55:26,160.39.6.49,1
2022-12-08 15:55:26,160.39.6.52,1
2022-12-08 15:55:26,160.39.6.53,1
2022-12-08 15:55:26,160.39.6.56,1
2022-12-08 15:55:26,160.39.6.60,1
2022-12-08 15:55:26,160.39.6.62,1
2022-12-08 15:55:26,160.39.6.64,1
2022-12-08 15:55:26,160.39.6.66,1
2022-12-08 15:55:26,160.39.6.67,1
2022-12-08 15:55:26,160.39.6.69,1
2022-12-08 15:55:26,160.39.6.72,1
2022-12-08 15:55:26,160.39.6.75,1
2022-12-08 15:55:26,160.39.6.77,1
2022-12-08 15:55:26,160.39.6.80,1
2022-12-08 15:55:26,160.39.6.81,1
2022-12-08 15:55:26,160.39.6.83,1
2022-12-08 15:55:26,160.39.6.84,1
2022-12-08 15:55:26,160.39.6.85,1
2022-12-08 15:55:26,160.39.6.86,1
2022-12-08 15:55:26,160.39.6.87,1
2022-12-08 15:55:26,160.39.6.88,1
2022-12-08 15:55:26,160.39.6.89,1
2022-12-08 15:55:26,160.39.6.92,1
2022-12-08 15:55:26,160.39.6.93,1
2022-12-08 15:55:26,160.39.6.94,1
2022-12-08 15:55:26,160.39.6.95,1
2022-12-08 15:55:26,160.39.4.252,1
2022-12-08 15:55:26,160.39.4.253,1
2022-12-08 15:55:26,160.39.2.202,1
2022-12-08 15:55:26,160.39.2.230,1
2022-12-08 15:55:26,160.39.2.238,1
2022-12-08 15:55:26,160.39.2.244,1
2022-12-08 15:55:26,160.39.5.177,1
2022-12-08 15:55:26,160.39.2.102,1
2022-12-08 15:55:26,160.39.2.129,1
2022-12-08 15:55:26,160.39.2.148,1
2022-12-08 15:55:26,160.39.2.150,1
2022-12-08 15:55:26,160.39.2.191,1
2022-12-08 15:55:26,160.39.4.1,1
2022-12-08 15:55:26,160.39.4.2,1
2022-12-08 15:55:26,160.39.4.84,1
2022-12-08 15:55:26,160.39.3.1,1
2022-12-08 15:55:26,160.39.3.2,1
2022-12-08 15:55:26,160.39.5.2,1
2022-12-08 15:55:26,160.39.5.64,1
2022-12-08 15:55:26,160.39.6.104,1
2022-12-08 15:55:26,160.39.6.106,1
2022-12-08 15:55:26,160.39.6.111,1
2022-12-08 15:55:26,160.39.6.113,1
2022-12-08 15:55:26,160.39.6.116,1
2022-12-08 15:55:26,160.39.6.120,1
2022-12-08 15:55:26,160.39.6.122,1
2022-12-08 15:55:26,160.39.6.123,1
2022-12-08 15:55:26,160.39.6.130,1
2022-12-08 15:55:26,160.39.6.132,1
2022-12-08 15:55:26,160.39.6.137,1
2022-12-08 15:55:26,160.39.6.141,1
2022-12-08 15:55:26,160.39.6.143,1
2022-12-08 15:55:26,160.39.6.145,1
2022-12-08 15:55:26,160.39.6.148,1
2022-12-08 15:55:26,160.39.6.149,1
2022-12-08 15:55:26,160.39.6.157,1
2022-12-08 15:55:26,160.39.6.163,1
2022-12-08 15:55:26,160.39.6.164,1
2022-12-08 15:55:26,160.39.6.165,1
2022-12-08 15:55:26,160.39.6.167,1
2022-12-08 15:55:26,160.39.6.170,1
2022-12-08 15:55:26,160.39.6.172,1
2022-12-08 15:55:26,160.39.6.176,1
2022-12-08 15:55:26,160.39.6.178,1
2022-12-08 15:55:26,160.39.6.183,1
2022-12-08 15:55:26,160.39.6.188,1
2022-12-08 15:55:26,160.39.6.189,1
2022-12-08 15:55:26,160.39.6.191,1
2022-12-08 15:55:26,160.39.6.193,1
2022-12-08 15:55:26,160.39.6.196,1
2022-12-08 15:55:26,160.39.6.200,1
2022-12-08 15:55:26,160.39.3.130,1
2022-12-08 15:55:26,160.39.3.162,1
2022-12-08 15:55:26,160.39.3.169,1
2022-12-08 15:55:26,160.39.3.176,1
2022-12-08 15:55:26,160.39.3.179,1
2022-12-08 15:55:26,160.39.0.1,1
2022-12-08 15:55:26,160.39.0.29,1
2022-12-08 15:55:26,160.39.0.61,1
2022-12-08 15:55:26,160.39.0.62,1
2022-12-08 15:55:26,160.39.0.67,1
2022-12-08 15:55:26,160.39.1.89,1
2022-12-08 15:55:26,160.39.2.1,1
2022-12-08 15:55:26,160.39.4.136,1
2022-12-08 15:55:26,160.39.4.165,1
2022-12-08 15:55:26,160.39.4.166,1
2022-12-08 15:55:26,160.39.4.172,1
2022-12-08 15:55:26,160.39.4.182,1
2022-12-08 15:55:26,160.39.4.189,1
2022-12-08 15:56:10,160.39.8.207,1
2022-12-08 15:56:10,160.39.8.209,1
2022-12-08 15:56:10,160.39.8.210,1
2022-12-08 15:56:10,160.39.8.213,1
2022-12-08 15:56:10,160.39.8.219,1
2022-12-08 15:56:10,160.39.8.227,1
2022-12-08 15:56:10,160.39.8.234,1
2022-12-08 15:56:10,160.39.8.242,1
2022-12-08 15:56:10,160.39.8.249,1
2022-12-08 15:56:10,160.39.8.254,1
2022-12-08 15:56:10,160.39.12.112,1
2022-12-08 15:56:10,160.39.12.133,1
2022-12-08 15:56:10,160.39.12.147,1
2022-12-08 15:56:10,160.39.12.150,1
2022-12-08 15:56:10,160.39.12.152,1
2022-12-08 15:56:10,160.39.12.165,1
2022-12-08 15:56:10,160.39.12.188,1
2022-12-08 15:56:10,160.39.12.200,1
2022-12-08 15:56:10,160.39.7.216,1
2022-12-08 15:56:10,160.39.7.217,1
2022-12-08 15:56:10,160.39.7.218,1
2022-12-08 15:56:10,160.39.7.222,1
2022-12-08 15:56:10,160.39.7.227,1
2022-12-08 15:56:10,160.39.7.229,1
2022-12-08 15:56:10,160.39.7.230,1
2022-12-08 15:56:10,160.39.7.231,1
2022-12-08 15:56:10,160.39.7.234,1
2022-12-08 15:56:10,160.39.7.235,1
2022-12-08 15:56:10,160.39.7.237,1
2022-12-08 15:56:10,160.39.7.244,1
2022-12-08 15:56:10,160.39.7.247,1
2022-12-08 15:56:10,160.39.7.254,1
2022-12-08 15:56:10,160.39.8.108,1
2022-12-08 15:56:10,160.39.8.109,1
2022-12-08 15:56:10,160.39.8.113,1
2022-12-08 15:56:10,160.39.8.116,1
2022-12-08 15:56:10,160.39.8.117,1
2022-12-08 15:56:10,160.39.8.119,1
2022-12-08 15:56:10,160.39.8.120,1
2022-12-08 15:56:10,160.39.8.124,1
2022-12-08 15:56:10,160.39.8.130,1
2022-12-08 15:56:10,160.39.8.134,1
2022-12-08 15:56:10,160.39.8.137,1
2022-12-08 15:56:10,160.39.8.141,1
2022-12-08 15:56:10,160.39.8.142,1
2022-12-08 15:56:10,160.39.8.144,1
2022-12-08 15:56:10,160.39.8.145,1
2022-12-08 15:56:10,160.39.8.148,1
2022-12-08 15:56:10,160.39.8.149,1
2022-12-08 15:56:10,160.39.8.152,1
2022-12-08 15:56:10,160.39.8.154,1
2022-12-08 15:56:10,160.39.8.157,1
2022-12-08 15:56:10,160.39.8.158,1
2022-12-08 15:56:10,160.39.8.161,1
2022-12-08 15:56:10,160.39.8.162,1
2022-12-08 15:56:10,160.39.8.171,1
2022-12-08 15:56:10,160.39.8.178,1
2022-12-08 15:56:10,160.39.8.179,1
2022-12-08 15:56:10,160.39.8.184,1
2022-12-08 15:56:10,160.39.8.186,1
2022-12-08 15:56:10,160.39.8.187,1
2022-12-08 15:56:10,160.39.8.190,1
2022-12-08 15:56:10,160.39.8.193,1
2022-12-08 15:56:10,160.39.8.194,1
2022-12-08 15:56:10,160.39.8.196,1
2022-12-08 15:56:10,160.39.8.197,1
2022-12-08 15:56:10,160.39.8.199,1
2022-12-08 15:56:10,160.39.12.209,1
2022-12-08 15:56:10,160.39.12.219,1
2022-12-08 15:56:10,160.39.12.247,1
2022-12-08 15:56:10,160.39.11.202,1
2022-12-08 15:56:10,160.39.11.206,1
2022-12-08 15:56:10,160.39.11.208,1
2022-12-08 15:56:10,160.39.11.209,1
2022-12-08 15:56:10,160.39.11.213,1
2022-12-08 15:56:10,160.39.11.217,1
2022-12-08 15:56:10,160.39.11.220,1
2022-12-08 15:56:10,160.39.11.223,1
2022-12-08 15:56:10,160.39.11.224,1
2022-12-08 15:56:10,160.39.11.227,1
2022-12-08 15:56:10,160.39.11.233,1
2022-12-08 15:56:10,160.39.11.237,1
2022-12-08 15:56:10,160.39.11.238,1
2022-12-08 15:56:10,160.39.11.239,1
2022-12-08 15:56:10,160.39.11.240,1
2022-12-08 15:56:10,160.39.11.241,1
2022-12-08 15:56:10,160.39.11.245,1
2022-12-08 15:56:10,160.39.11.249,1
2022-12-08 15:56:10,160.39.11.251,1
2022-12-08 15:56:10,160.39.11.254,1
2022-12-08 15:56:10,160.39.10.203,1
2022-12-08 15:56:10,160.39.10.204,1
2022-12-08 15:56:10,160.39.10.207,1
2022-12-08 15:56:10,160.39.10.210,1
2022-12-08 15:56:10,160.39.10.211,1
2022-12-08 15:56:10,160.39.10.212,1
2022-12-08 15:56:10,160.39.10.213,1
2022-12-08 15:56:10,160.39.10.219,1
2022-12-08 15:56:10,160.39.10.225,1
2022-12-08 15:56:10,160.39.10.231,1
2022-12-08 15:56:10,160.39.10.242,1
2022-12-08 15:56:10,160.39.10.248,1
2022-12-08 15:56:10,160.39.10.249,1
2022-12-08 15:56:10,160.39.10.1,1
2022-12-08 15:56:10,160.39.10.100,1
2022-12-08 15:56:10,160.39.10.11,1
2022-12-08 15:56:10,160.39.10.12,1
2022-12-08 15:56:10,160.39.10.14,1
2022-12-08 15:56:10,160.39.10.16,1
2022-12-08 15:56:10,160.39.10.17,1
2022-12-08 15:56:10,160.39.10.18,1
2022-12-08 15:56:10,160.39.10.2,1
2022-12-08 15:56:10,160.39.10.20,1
2022-12-08 15:56:10,160.39.10.21,1
2022-12-08 15:56:10,160.39.10.22,1
2022-12-08 15:56:10,160.39.10.25,1
2022-12-08 15:56:10,160.39.10.27,1
2022-12-08 15:56:10,160.39.10.28,1
2022-12-08 15:56:10,160.39.10.31,1
2022-12-08 15:56:10,160.39.10.35,1
2022-12-08 15:56:10,160.39.10.36,1
2022-12-08 15:56:10,160.39.10.37,1
2022-12-08 15:56:10,160.39.10.38,1
2022-12-08 15:56:10,160.39.10.40,1
2022-12-08 15:56:10,160.39.10.41,1
2022-12-08 15:56:10,160.39.10.44,1
2022-12-08 15:56:10,160.39.10.46,1
2022-12-08 15:56:10,160.39.10.49,1
2022-12-08 15:56:10,160.39.10.52,1
2022-12-08 15:56:10,160.39.10.53,1
2022-12-08 15:56:10,160.39.10.55,1
2022-12-08 15:56:10,160.39.10.59,1
2022-12-08 15:56:10,160.39.10.60,1
2022-12-08 15:56:10,160.39.10.64,1
2022-12-08 15:56:10,160.39.10.70,1
2022-12-08 15:56:10,160.39.10.74,1
2022-12-08 15:56:10,160.39.10.76,1
2022-12-08 15:56:10,160.39.10.80,1
2022-12-08 15:56:10,160.39.10.84,1
2022-12-08 15:56:10,160.39.10.85,1
2022-12-08 15:56:10,160.39.10.91,1
2022-12-08 15:56:10,160.39.10.92,1
2022-12-08 15:56:10,160.39.10.93,1
2022-12-08 15:56:10,160.39.10.94,1
2022-12-08 15:56:10,160.39.10.95,1
2022-12-08 15:56:10,160.39.10.98,1
2022-12-08 15:56:10,160.39.11.103,1
2022-12-08 15:56:10,160.39.11.104,1
2022-12-08 15:56:10,160.39.11.106,1
2022-12-08 15:56:10,160.39.11.123,1
2022-12-08 15:56:10,160.39.11.128,1
2022-12-08 15:56:10,160.39.11.129,1
2022-12-08 15:56:10,160.39.11.132,1
2022-12-08 15:56:10,160.39.11.137,1
2022-12-08 15:56:10,160.39.11.138,1
2022-12-08 15:56:10,160.39.11.139,1
2022-12-08 15:56:10,160.39.11.144,1
2022-12-08 15:56:10,160.39.11.145,1
2022-12-08 15:56:10,160.39.11.147,1
2022-12-08 15:56:10,160.39.11.148,1
2022-12-08 15:56:10,160.39.11.150,1
2022-12-08 15:56:10,160.39.11.154,1
2022-12-08 15:56:10,160.39.11.158,1
2022-12-08 15:56:10,160.39.11.160,1
2022-12-08 15:56:10,160.39.11.162,1
2022-12-08 15:56:10,160.39.11.164,1
2022-12-08 15:56:10,160.39.11.166,1
2022-12-08 15:56:10,160.39.11.170,1
2022-12-08 15:56:10,160.39.11.171,1
2022-12-08 15:56:10,160.39.11.173,1
2022-12-08 15:56:10,160.39.11.174,1
2022-12-08 15:56:10,160.39.11.183,1
2022-12-08 15:56:10,160.39.11.187,1
2022-12-08 15:56:10,160.39.11.188,1
2022-12-08 15:56:10,160.39.11.190,1
2022-12-08 15:56:10,160.39.11.195,1
2022-12-08 15:56:10,160.39.11.196,1
2022-12-08 15:56:10,160.39.11.198,1
2022-12-08 15:56:10,160.39.11.200,1
2022-12-08 15:56:10,160.39.7.102,1
2022-12-08 15:56:10,160.39.7.103,1
2022-12-08 15:56:10,160.39.7.104,1
2022-12-08 15:56:10,160.39.7.105,1
2022-12-08 15:56:10,160.39.7.112,1
2022-12-08 15:56:10,160.39.7.115,1
2022-12-08 15:56:10,160.39.7.116,1
2022-12-08 15:56:10,160.39.7.117,1
2022-12-08 15:56:10,160.39.7.120,1
2022-12-08 15:56:10,160.39.7.121,1
2022-12-08 15:56:10,160.39.7.122,1
2022-12-08 15:56:10,160.39.7.124,1
2022-12-08 15:56:10,160.39.7.131,1
2022-12-08 15:56:10,160.39.7.132,1
2022-12-08 15:56:10,160.39.7.133,1
2022-12-08 15:56:10,160.39.7.135,1
2022-12-08 15:56:10,160.39.7.137,1
2022-12-08 15:56:10,160.39.7.138,1
2022-12-08 15:56:10,160.39.7.140,1
2022-12-08 15:56:10,160.39.7.146,1
2022-12-08 15:56:10,160.39.7.151,1
2022-12-08 15:56:10,160.39.7.152,1
2022-12-08 15:56:10,160.39.7.154,1
2022-12-08 15:56:10,160.39.7.156,1
2022-12-08 15:56:10,160.39.7.158,1
2022-12-08 15:56:10,160.39.7.161,1
2022-12-08 15:56:10,160.39.7.165,1
2022-12-08 15:56:10,160.39.7.168,1
2022-12-08 15:56:10,160.39.7.174,1
2022-12-08 15:56:10,160.39.7.176,1
2022-12-08 15:56:10,160.39.7.177,1
2022-12-08 15:56:10,160.39.7.183,1
2022-12-08 15:56:10,160.39.7.185,1
2022-12-08 15:56:10,160.39.7.191,1
2022-12-08 15:56:10,160.39.7.192,1
2022-12-08 15:56:10,160.39.7.194,1
2022-12-08 15:56:10,160.39.7.198,1
2022-12-08 15:56:10,160.39.7.200,1
2022-12-08 15:56:10,160.39.9.10,1
2022-12-08 15:56:10,160.39.9.14,1
2022-12-08 15:56:10,160.39.9.16,1
2022-12-08 15:56:10,160.39.9.18,1
2022-12-08 15:56:10,160.39.9.24,1
2022-12-08 15:56:10,160.39.9.29,1
2022-12-08 15:56:10,160.39.9.31,1
2022-12-08 15:56:10,160.39.9.35,1
2022-12-08 15:56:10,160.39.9.36,1
2022-12-08 15:56:10,160.39.9.37,1
2022-12-08 15:56:10,160.39.9.41,1
2022-12-08 15:56:10,160.39.9.42,1
2022-12-08 15:56:10,160.39.9.44,1
2022-12-08 15:56:10,160.39.9.48,1
2022-12-08 15:56:10,160.39.9.50,1
2022-12-08 15:56:10,160.39.9.56,1
2022-12-08 15:56:10,160.39.9.59,1
2022-12-08 15:56:10,160.39.9.6,1
2022-12-08 15:56:10,160.39.9.60,1
2022-12-08 15:56:10,160.39.9.61,1
2022-12-08 15:56:10,160.39.9.63,1
2022-12-08 15:56:10,160.39.9.7,1
2022-12-08 15:56:10,160.39.9.73,1
2022-12-08 15:56:10,160.39.9.74,1
2022-12-08 15:56:10,160.39.9.76,1
2022-12-08 15:56:10,160.39.9.78,1
2022-12-08 15:56:10,160.39.9.79,1
2022-12-08 15:56:10,160.39.9.8,1
2022-12-08 15:56:10,160.39.9.83,1
2022-12-08 15:56:10,160.39.9.87,1
2022-12-08 15:56:10,160.39.9.88,1
2022-12-08 15:56:10,160.39.9.92,1
2022-12-08 15:56:10,160.39.9.95,1
2022-12-08 15:56:10,160.39.9.96,1
2022-12-08 15:56:10,160.39.13.1,1
2022-12-08 15:56:10,160.39.13.14,1
2022-12-08 15:56:10,160.39.13.15,1
2022-12-08 15:56:10,160.39.13.28,1
2022-12-08 15:56:10,160.39.13.58,1
2022-12-08 15:56:10,160.39.13.6,1
2022-12-08 15:56:10,160.39.13.63,1
2022-12-08 15:56:10,160.39.13.77,1
2022-12-08 15:56:10,160.39.13.9,1
2022-12-08 15:56:10,160.39.13.97,1
2022-12-08 15:56:10,160.39.12.1,1
2022-12-08 15:56:10,160.39.12.10,1
2022-12-08 15:56:10,160.39.12.12,1
2022-12-08 15:56:10,160.39.12.22,1
2022-12-08 15:56:10,160.39.12.36,1
2022-12-08 15:56:10,160.39.12.43,1
2022-12-08 15:56:10,160.39.12.62,1
2022-12-08 15:56:10,160.39.12.68,1
2022-12-08 15:56:10,160.39.12.75,1
2022-12-08 15:56:10,160.39.11.0,1
2022-12-08 15:56:10,160.39.11.11,1
2022-12-08 15:56:10,160.39.11.15,1
2022-12-08 15:56:10,160.39.11.2,1
2022-12-08 15:56:10,160.39.11.21,1
2022-12-08 15:56:10,160.39.11.24,1
2022-12-08 15:56:10,160.39.11.3,1
2022-12-08 15:56:10,160.39.11.32,1
2022-12-08 15:56:10,160.39.11.33,1
2022-12-08 15:56:10,160.39.11.34,1
2022-12-08 15:56:10,160.39.11.35,1
2022-12-08 15:56:10,160.39.11.37,1
2022-12-08 15:56:10,160.39.11.44,1
2022-12-08 15:56:10,160.39.11.47,1
2022-12-08 15:56:10,160.39.11.48,1
2022-12-08 15:56:10,160.39.11.51,1
2022-12-08 15:56:10,160.39.11.52,1
2022-12-08 15:56:10,160.39.11.55,1
2022-12-08 15:56:10,160.39.11.58,1
2022-12-08 15:56:10,160.39.11.6,1
2022-12-08 15:56:10,160.39.11.69,1
2022-12-08 15:56:10,160.39.11.9,1
2022-12-08 15:56:10,160.39.6.204,1
2022-12-08 15:56:10,160.39.6.207,1
2022-12-08 15:56:10,160.39.6.210,1
2022-12-08 15:56:10,160.39.6.211,1
2022-12-08 15:56:10,160.39.6.212,1
2022-12-08 15:56:10,160.39.6.221,1
2022-12-08 15:56:10,160.39.6.223,1
2022-12-08 15:56:10,160.39.6.224,1
2022-12-08 15:56:10,160.39.6.227,1
2022-12-08 15:56:10,160.39.6.228,1
2022-12-08 15:56:10,160.39.6.235,1
2022-12-08 15:56:10,160.39.6.236,1
2022-12-08 15:56:10,160.39.6.237,1
2022-12-08 15:56:10,160.39.6.238,1
2022-12-08 15:56:10,160.39.6.240,1
2022-12-08 15:56:10,160.39.6.242,1
2022-12-08 15:56:10,160.39.6.245,1
2022-12-08 15:56:10,160.39.6.248,1
2022-12-08 15:56:10,160.39.6.250,1
2022-12-08 15:56:10,160.39.6.252,1
2022-12-08 15:56:10,160.39.6.254,1
2022-12-08 15:56:10,160.39.7.1,1
2022-12-08 15:56:10,160.39.7.10,1
2022-12-08 15:56:10,160.39.7.100,1
2022-12-08 15:56:10,160.39.7.12,1
2022-12-08 15:56:10,160.39.7.13,1
2022-12-08 15:56:10,160.39.7.14,1
2022-12-08 15:56:10,160.39.7.15,1
2022-12-08 15:56:10,160.39.7.17,1
2022-12-08 15:56:10,160.39.7.2,1
2022-12-08 15:56:10,160.39.7.21,1
2022-12-08 15:56:10,160.39.7.23,1
2022-12-08 15:56:10,160.39.7.28,1
2022-12-08 15:56:10,160.39.7.31,1
2022-12-08 15:56:10,160.39.7.38,1
2022-12-08 15:56:10,160.39.7.4,1
2022-12-08 15:56:10,160.39.7.42,1
2022-12-08 15:56:10,160.39.7.43,1
2022-12-08 15:56:10,160.39.7.44,1
2022-12-08 15:56:10,160.39.7.46,1
2022-12-08 15:56:10,160.39.7.50,1
2022-12-08 15:56:10,160.39.7.53,1
2022-12-08 15:56:10,160.39.7.58,1
2022-12-08 15:56:10,160.39.7.62,1
2022-12-08 15:56:10,160.39.7.63,1
2022-12-08 15:56:10,160.39.7.64,1
2022-12-08 15:56:10,160.39.7.65,1
2022-12-08 15:56:10,160.39.7.96,1
2022-12-08 15:56:10,160.39.9.202,1
2022-12-08 15:56:10,160.39.9.209,1
2022-12-08 15:56:10,160.39.9.212,1
2022-12-08 15:56:10,160.39.9.217,1
2022-12-08 15:56:10,160.39.9.224,1
2022-12-08 15:56:10,160.39.9.226,1
2022-12-08 15:56:10,160.39.9.236,1
2022-12-08 15:56:10,160.39.9.237,1
2022-12-08 15:56:10,160.39.9.240,1
2022-12-08 15:56:10,160.39.9.241,1
2022-12-08 15:56:10,160.39.9.247,1
2022-12-08 15:56:10,160.39.9.248,1
2022-12-08 15:56:10,160.39.8.12,1
2022-12-08 15:56:10,160.39.8.13,1
2022-12-08 15:56:10,160.39.8.15,1
2022-12-08 15:56:10,160.39.8.19,1
2022-12-08 15:56:10,160.39.8.25,1
2022-12-08 15:56:10,160.39.8.29,1
2022-12-08 15:56:10,160.39.8.3,1
2022-12-08 15:56:10,160.39.8.31,1
2022-12-08 15:56:10,160.39.8.43,1
2022-12-08 15:56:10,160.39.8.44,1
2022-12-08 15:56:10,160.39.8.46,1
2022-12-08 15:56:10,160.39.8.47,1
2022-12-08 15:56:10,160.39.8.48,1
2022-12-08 15:56:10,160.39.8.51,1
2022-12-08 15:56:10,160.39.8.58,1
2022-12-08 15:56:10,160.39.8.59,1
2022-12-08 15:56:10,160.39.8.63,1
2022-12-08 15:56:10,160.39.8.72,1
2022-12-08 15:56:10,160.39.8.73,1
2022-12-08 15:56:10,160.39.8.77,1
2022-12-08 15:56:10,160.39.8.80,1
2022-12-08 15:56:10,160.39.8.82,1
2022-12-08 15:56:10,160.39.8.83,1
2022-12-08 15:56:10,160.39.8.86,1
2022-12-08 15:56:10,160.39.8.94,1
2022-12-08 15:56:10,160.39.8.98,1
2022-12-08 15:56:10,160.39.8.99,1
2022-12-08 15:56:10,160.39.10.104,1
2022-12-08 15:56:10,160.39.10.105,1
2022-12-08 15:56:10,160.39.10.106,1
2022-12-08 15:56:10,160.39.10.112,1
2022-12-08 15:56:10,160.39.10.115,1
2022-12-08 15:56:10,160.39.10.118,1
2022-12-08 15:56:10,160.39.10.121,1
2022-12-08 15:56:10,160.39.10.122,1
2022-12-08 15:56:10,160.39.10.123,1
2022-12-08 15:56:10,160.39.10.124,1
2022-12-08 15:56:10,160.39.10.125,1
2022-12-08 15:56:10,160.39.10.127,1
2022-12-08 15:56:10,160.39.10.131,1
2022-12-08 15:56:10,160.39.10.134,1
2022-12-08 15:56:10,160.39.10.136,1
2022-12-08 15:56:10,160.39.10.142,1
2022-12-08 15:56:10,160.39.10.143,1
2022-12-08 15:56:10,160.39.10.147,1
2022-12-08 15:56:10,160.39.10.148,1
2022-12-08 15:56:10,160.39.10.155,1
2022-12-08 15:56:10,160.39.10.160,1
2022-12-08 15:56:10,160.39.10.162,1
2022-12-08 15:56:10,160.39.10.164,1
2022-12-08 15:56:10,160.39.10.167,1
2022-12-08 15:56:10,160.39.10.169,1
2022-12-08 15:56:10,160.39.10.171,1
2022-12-08 15:56:10,160.39.10.172,1
2022-12-08 15:56:10,160.39.10.174,1
2022-12-08 15:56:10,160.39.10.177,1
2022-12-08 15:56:10,160.39.10.181,1
2022-12-08 15:56:10,160.39.10.184,1
2022-12-08 15:56:10,160.39.10.187,1
2022-12-08 15:56:10,160.39.10.189,1
2022-12-08 15:56:10,160.39.10.193,1
2022-12-08 15:56:10,160.39.10.194,1
2022-12-08 15:56:10,160.39.10.199,1
2022-12-08 15:56:10,160.39.10.200,1
2022-12-08 15:56:10,160.39.9.104,1
2022-12-08 15:56:10,160.39.9.105,1
2022-12-08 15:56:10,160.39.9.107,1
2022-12-08 15:56:10,160.39.9.110,1
2022-12-08 15:56:10,160.39.9.111,1
2022-12-08 15:56:10,160.39.9.113,1
2022-12-08 15:56:10,160.39.9.114,1
2022-12-08 15:56:10,160.39.9.117,1
2022-12-08 15:56:10,160.39.9.118,1
2022-12-08 15:56:10,160.39.9.119,1
2022-12-08 15:56:10,160.39.9.123,1
2022-12-08 15:56:10,160.39.9.124,1
2022-12-08 15:56:10,160.39.9.133,1
2022-12-08 15:56:10,160.39.9.134,1
2022-12-08 15:56:10,160.39.9.137,1
2022-12-08 15:56:10,160.39.9.146,1
2022-12-08 15:56:10,160.39.9.147,1
2022-12-08 15:56:10,160.39.9.150,1
2022-12-08 15:56:10,160.39.9.152,1
2022-12-08 15:56:10,160.39.9.154,1
2022-12-08 15:56:10,160.39.9.158,1
2022-12-08 15:56:10,160.39.9.161,1
2022-12-08 15:56:10,160.39.9.165,1
2022-12-08 15:56:10,160.39.9.167,1
2022-12-08 15:56:10,160.39.9.168,1
2022-12-08 15:56:10,160.39.9.172,1
2022-12-08 15:56:10,160.39.9.175,1
2022-12-08 15:56:10,160.39.9.176,1
2022-12-08 15:56:10,160.39.9.179,1
2022-12-08 15:56:10,160.39.9.181,1
2022-12-08 15:56:10,160.39.9.182,1
2022-12-08 15:56:10,160.39.9.193,1
2022-12-08 15:56:10,160.39.9.196,1
2022-12-08 15:56:10,160.39.9.199,1
2022-12-08 15:57:17,160.39.16.204,1
2022-12-08 15:57:17,160.39.16.220,1
2022-12-08 15:57:17,160.39.16.233,1
2022-12-08 15:57:17,160.39.16.238,1
2022-12-08 15:57:17,160.39.16.250,1
2022-12-08 15:57:17,160.39.16.253,1
2022-12-08 15:57:17,160.39.16.104,1
2022-12-08 15:57:17,160.39.16.123,1
2022-12-08 15:57:17,160.39.16.129,1
2022-12-08 15:57:17,160.39.16.158,1
2022-12-08 15:57:17,160.39.19.1,1
2022-12-08 15:57:17,160.39.19.2,1
2022-12-08 15:57:17,160.39.19.65,1
2022-12-08 15:57:17,160.39.18.102,1
2022-12-08 15:57:17,160.39.18.103,1
2022-12-08 15:57:17,160.39.18.121,1
2022-12-08 15:57:17,160.39.18.190,1
2022-12-08 15:57:17,160.39.18.200,1
2022-12-08 15:57:17,160.39.18.1,1
2022-12-08 15:57:17,160.39.18.56,1
2022-12-08 15:57:17,160.39.18.6,1
2022-12-08 15:57:17,160.39.18.73,1
2022-12-08 15:57:17,160.39.18.79,1
2022-12-08 15:57:17,160.39.13.105,1
2022-12-08 15:57:17,160.39.13.111,1
2022-12-08 15:57:17,160.39.13.113,1
2022-12-08 15:57:17,160.39.13.116,1
2022-12-08 15:57:17,160.39.13.130,1
2022-12-08 15:57:17,160.39.13.141,1
2022-12-08 15:57:17,160.39.13.149,1
2022-12-08 15:57:17,160.39.13.160,1
2022-12-08 15:57:17,160.39.13.164,1
2022-12-08 15:57:17,160.39.13.168,1
2022-12-08 15:57:17,160.39.13.184,1
2022-12-08 15:57:17,160.39.17.1,1
2022-12-08 15:57:17,160.39.17.26,1
2022-12-08 15:57:17,160.39.16.1,1
2022-12-08 15:57:17,160.39.16.24,1
2022-12-08 15:57:17,160.39.16.52,1
2022-12-08 15:57:17,160.39.16.65,1
2022-12-08 15:57:17,160.39.19.129,1
2022-12-08 15:57:17,160.39.19.190,1
2022-12-08 15:57:17,160.39.17.102,1
2022-12-08 15:57:17,160.39.17.129,1
2022-12-08 15:57:17,160.39.17.156,1
2022-12-08 15:57:17,160.39.13.207,1
2022-12-08 15:57:17,160.39.13.215,1
2022-12-08 15:57:17,160.39.13.231,1
2022-12-08 15:57:17,160.39.15.124,1
2022-12-08 15:57:17,160.39.15.149,1
2022-12-08 15:57:17,160.39.15.156,1
2022-12-08 15:57:17,160.39.15.180,1
2022-12-08 15:57:17,160.39.18.228,1
2022-12-08 15:57:17,160.39.18.244,1
2022-12-08 15:57:17,160.39.18.247,1
2022-12-08 15:57:17,160.39.18.249,1
2022-12-08 15:57:17,160.39.17.239,1
2022-12-08 15:57:17,160.39.14.100,1
2022-12-08 15:57:17,160.39.14.61,1
2022-12-08 15:57:17,160.39.14.141,1
2022-12-08 15:57:17,160.39.14.170,1
2022-12-08 15:57:17,160.39.14.178,1
2022-12-08 15:58:28,160.39.23.212,1
2022-12-08 15:58:28,160.39.22.129,1
2022-12-08 15:58:28,160.39.22.193,1
2022-12-08 15:58:28,160.39.22.194,1
2022-12-08 15:58:28,160.39.24.129,1
2022-12-08 15:58:28,160.39.24.130,1
2022-12-08 15:58:28,160.39.24.169,1
2022-12-08 15:58:28,160.39.24.196,1
2022-12-08 15:58:28,160.39.20.129,1
2022-12-08 15:58:28,160.39.20.130,1
2022-12-08 15:58:28,160.39.20.169,1
2022-12-08 15:58:28,160.39.20.171,1
2022-12-08 15:58:28,160.39.20.173,1
2022-12-08 15:58:28,160.39.20.179,1
2022-12-08 15:58:28,160.39.23.129,1
2022-12-08 15:58:28,160.39.23.144,1
2022-12-08 15:58:28,160.39.20.248,1
2022-12-08 15:58:28,160.39.22.204,1
2022-12-08 15:58:28,160.39.22.222,1
2022-12-08 15:58:28,160.39.22.226,1
2022-12-08 15:58:28,160.39.22.246,1
2022-12-08 15:58:28,160.39.24.209,1
2022-12-08 15:58:28,160.39.21.202,1
2022-12-08 15:58:28,160.39.21.237,1
2022-12-08 15:58:28,160.39.21.240,1
2022-12-08 15:58:28,160.39.21.246,1
2022-12-08 15:58:28,160.39.21.102,1
2022-12-08 15:58:28,160.39.21.129,1
2022-12-08 15:58:28,160.39.21.156,1
2022-12-08 15:58:28,160.39.21.160,1
2022-12-08 15:58:28,160.39.21.167,1
2022-12-08 15:58:28,160.39.21.168,1
2022-12-08 15:58:28,160.39.21.181,1
2022-12-08 15:58:28,160.39.21.185,1
2022-12-08 15:58:28,160.39.21.190,1
2022-12-08 15:58:28,160.39.21.193,1
2022-12-08 15:58:28,160.39.21.194,1
2022-12-08 15:58:28,160.39.22.1,1
2022-12-08 15:58:28,160.39.22.25,1
2022-12-08 15:58:28,160.39.22.30,1
2022-12-08 15:58:28,160.39.22.55,1
2022-12-08 15:58:28,160.39.22.65,1
2022-12-08 15:58:28,160.39.22.66,1
2022-12-08 15:58:28,160.39.22.87,1
2022-12-08 15:58:28,160.39.20.1,1
2022-12-08 15:58:28,160.39.20.24,1
2022-12-08 15:58:28,160.39.20.57,1
2022-12-08 15:58:28,160.39.20.74,1
2022-12-08 15:58:28,160.39.20.83,1
2022-12-08 15:58:28,160.39.25.1,1
2022-12-08 15:58:28,160.39.25.2,1
2022-12-08 15:58:28,160.39.23.1,1
2022-12-08 15:58:28,160.39.23.2,1
2022-12-08 15:58:28,160.39.23.46,1
2022-12-08 15:58:28,160.39.23.58,1
2022-12-08 15:58:28,160.39.23.65,1
2022-12-08 15:58:28,160.39.23.66,1
2022-12-08 15:58:28,160.39.23.81,1
2022-12-08 15:58:28,160.39.23.82,1
2022-12-08 15:58:28,160.39.26.102,1
2022-12-08 15:58:28,160.39.26.105,1
2022-12-08 15:58:28,160.39.26.129,1
2022-12-08 15:58:28,160.39.26.130,1
2022-12-08 15:58:28,160.39.24.1,1
2022-12-08 15:58:28,160.39.24.2,1
2022-12-08 15:58:28,160.39.24.26,1
2022-12-08 15:58:28,160.39.24.76,1
2022-12-08 15:58:28,160.39.26.1,1
2022-12-08 15:58:28,160.39.26.2,1
2022-12-08 15:58:28,160.39.26.96,1
2022-12-08 15:58:28,160.39.25.106,1
2022-12-08 15:58:28,160.39.25.129,1
2022-12-08 15:58:28,160.39.25.130,1
2022-12-08 15:58:28,160.39.21.1,1
2022-12-08 15:58:28,160.39.21.65,1
2022-12-08 15:58:28,160.39.21.66,1
2022-12-08 15:58:28,160.39.21.89,1
2022-12-08 15:58:28,160.39.21.94,1
2022-12-08 15:59:14,160.39.31.203,1
2022-12-08 15:59:14,160.39.31.204,1
2022-12-08 15:59:14,160.39.31.212,1
2022-12-08 15:59:14,160.39.31.219,1
2022-12-08 15:59:14,160.39.31.220,1
2022-12-08 15:59:14,160.39.31.221,1
2022-12-08 15:59:14,160.39.31.242,1
2022-12-08 15:59:14,160.39.28.250,1
2022-12-08 15:59:14,160.39.32.1,1
2022-12-08 15:59:14,160.39.32.2,1
2022-12-08 15:59:14,160.39.32.27,1
2022-12-08 15:59:14,160.39.32.29,1
2022-12-08 15:59:14,160.39.32.36,1
2022-12-08 15:59:14,160.39.32.43,1
2022-12-08 15:59:14,160.39.32.62,1
2022-12-08 15:59:14,160.39.32.65,1
2022-12-08 15:59:14,160.39.32.66,1
2022-12-08 15:59:14,160.39.32.75,1
2022-12-08 15:59:14,160.39.32.84,1
2022-12-08 15:59:14,160.39.32.88,1
2022-12-08 15:59:14,160.39.32.90,1
2022-12-08 15:59:14,160.39.26.210,1
2022-12-08 15:59:14,160.39.26.253,1
2022-12-08 15:59:14,160.39.33.1,1
2022-12-08 15:59:14,160.39.33.2,1
2022-12-08 15:59:14,160.39.33.35,1
2022-12-08 15:59:14,160.39.33.46,1
2022-12-08 15:59:14,160.39.33.65,1
2022-12-08 15:59:14,160.39.33.66,1
2022-12-08 15:59:14,160.39.33.91,1
2022-12-08 15:59:14,160.39.30.211,1
2022-12-08 15:59:14,160.39.30.252,1
2022-12-08 15:59:14,160.39.29.214,1
2022-12-08 15:59:14,160.39.30.1,1
2022-12-08 15:59:14,160.39.30.51,1
2022-12-08 15:59:14,160.39.30.81,1
2022-12-08 15:59:14,160.39.31.1,1
2022-12-08 15:59:14,160.39.31.17,1
2022-12-08 15:59:14,160.39.31.61,1
2022-12-08 15:59:14,160.39.31.97,1
2022-12-08 15:59:14,160.39.32.102,1
2022-12-08 15:59:14,160.39.32.117,1
2022-12-08 15:59:14,160.39.32.129,1
2022-12-08 15:59:14,160.39.32.130,1
2022-12-08 15:59:14,160.39.32.193,1
2022-12-08 15:59:14,160.39.32.194,1
2022-12-08 15:59:14,160.39.30.111,1
2022-12-08 15:59:14,160.39.30.129,1
2022-12-08 15:59:14,160.39.30.141,1
2022-12-08 15:59:14,160.39.30.187,1
2022-12-08 15:59:14,160.39.32.219,1
2022-12-08 15:59:14,160.39.32.234,1
2022-12-08 15:59:14,160.39.32.238,1
2022-12-08 15:59:14,160.39.32.248,1
2022-12-08 15:59:14,160.39.32.250,1
2022-12-08 15:59:14,160.39.27.1,1
2022-12-08 15:59:14,160.39.27.2,1
2022-12-08 15:59:14,160.39.28.1,1
2022-12-08 15:59:14,160.39.28.21,1
2022-12-08 15:59:14,160.39.28.44,1
2022-12-08 15:59:14,160.39.28.55,1
2022-12-08 15:59:14,160.39.28.81,1
2022-12-08 15:59:14,160.39.29.1,1
2022-12-08 15:59:14,160.39.29.28,1
2022-12-08 15:59:14,160.39.29.72,1
2022-12-08 15:59:14,160.39.29.86,1
2022-12-08 15:59:14,160.39.31.114,1
2022-12-08 15:59:14,160.39.31.129,1
2022-12-08 15:59:14,160.39.31.130,1
2022-12-08 15:59:14,160.39.31.146,1
2022-12-08 15:59:14,160.39.31.149,1
2022-12-08 15:59:14,160.39.31.152,1
2022-12-08 15:59:14,160.39.31.162,1
2022-12-08 15:59:14,160.39.31.180,1
2022-12-08 15:59:14,160.39.31.181,1
2022-12-08 15:59:14,160.39.31.190,1
2022-12-08 15:59:14,160.39.31.192,1
2022-12-08 15:59:14,160.39.28.129,1
2022-12-08 15:59:14,160.39.28.130,1
2022-12-08 15:59:14,160.39.28.179,1
2022-12-08 15:59:14,160.39.28.189,1
2022-12-08 15:59:14,160.39.29.129,1
2022-12-08 15:59:14,160.39.29.130,1
2022-12-08 15:59:14,160.39.29.166,1
2022-12-08 15:59:14,160.39.27.196,1
2022-12-08 16:00:14,160.39.33.119,1
2022-12-08 16:00:14,160.39.33.123,1
2022-12-08 16:00:14,160.39.33.129,1
2022-12-08 16:00:14,160.39.33.130,1
2022-12-08 16:00:14,160.39.33.153,1
2022-12-08 16:00:14,160.39.33.157,1
2022-12-08 16:00:14,160.39.33.158,1
2022-12-08 16:00:14,160.39.33.194,1
2022-12-08 16:00:14,160.39.34.228,1
2022-12-08 16:00:14,160.39.34.231,1
2022-12-08 16:00:14,160.39.36.218,1
2022-12-08 16:00:14,160.39.36.222,1
2022-12-08 16:00:14,160.39.36.239,1
2022-12-08 16:00:14,160.39.36.244,1
2022-12-08 16:00:14,160.39.38.237,1
2022-12-08 16:00:14,160.39.33.214,1
2022-12-08 16:00:14,160.39.33.231,1
2022-12-08 16:00:14,160.39.33.240,1
2022-12-08 16:00:14,160.39.36.129,1
2022-12-08 16:00:14,160.39.36.137,1
2022-12-08 16:00:14,160.39.36.152,1
2022-12-08 16:00:14,160.39.36.161,1
2022-12-08 16:00:14,160.39.36.177,1
2022-12-08 16:00:14,160.39.36.185,1
2022-12-08 16:00:14,160.39.36.195,1
2022-12-08 16:00:14,160.39.38.108,1
2022-12-08 16:00:14,160.39.38.114,1
2022-12-08 16:00:14,160.39.38.129,1
2022-12-08 16:00:14,160.39.38.130,1
2022-12-08 16:00:14,160.39.38.146,1
2022-12-08 16:00:14,160.39.38.161,1
2022-12-08 16:00:14,160.39.34.1,1
2022-12-08 16:00:14,160.39.34.2,1
2022-12-08 16:00:14,160.39.34.25,1
2022-12-08 16:00:14,160.39.34.30,1
2022-12-08 16:00:14,160.39.34.44,1
2022-12-08 16:00:14,160.39.34.47,1
2022-12-08 16:00:14,160.39.34.50,1
2022-12-08 16:00:14,160.39.34.60,1
2022-12-08 16:00:14,160.39.34.65,1
2022-12-08 16:00:14,160.39.34.66,1
2022-12-08 16:00:14,160.39.34.78,1
2022-12-08 16:00:14,160.39.34.82,1
2022-12-08 16:00:14,160.39.34.90,1
2022-12-08 16:00:14,160.39.34.92,1
2022-12-08 16:00:14,160.39.34.94,1
2022-12-08 16:00:14,160.39.34.103,1
2022-12-08 16:00:14,160.39.34.115,1
2022-12-08 16:00:14,160.39.34.129,1
2022-12-08 16:00:14,160.39.34.130,1
2022-12-08 16:00:14,160.39.34.159,1
2022-12-08 16:00:14,160.39.34.161,1
2022-12-08 16:00:14,160.39.34.164,1
2022-12-08 16:00:14,160.39.34.165,1
2022-12-08 16:00:14,160.39.34.168,1
2022-12-08 16:00:14,160.39.34.174,1
2022-12-08 16:00:14,160.39.34.175,1
2022-12-08 16:00:14,160.39.34.185,1
2022-12-08 16:00:14,160.39.34.186,1
2022-12-08 16:00:14,160.39.34.188,1
2022-12-08 16:00:14,160.39.34.193,1
2022-12-08 16:00:14,160.39.34.194,1
2022-12-08 16:00:14,160.39.35.1,1
2022-12-08 16:00:14,160.39.35.16,1
2022-12-08 16:00:14,160.39.35.2,1
2022-12-08 16:00:14,160.39.35.30,1
2022-12-08 16:00:14,160.39.35.31,1
2022-12-08 16:00:14,160.39.35.37,1
2022-12-08 16:00:14,160.39.35.38,1
2022-12-08 16:00:14,160.39.35.40,1
2022-12-08 16:00:14,160.39.35.49,1
2022-12-08 16:00:14,160.39.35.56,1
2022-12-08 16:00:14,160.39.35.60,1
2022-12-08 16:00:14,160.39.35.65,1
2022-12-08 16:00:14,160.39.35.66,1
2022-12-08 16:00:14,160.39.35.79,1
2022-12-08 16:00:14,160.39.35.90,1
2022-12-08 16:00:14,160.39.35.91,1
2022-12-08 16:00:14,160.39.36.1,1
2022-12-08 16:00:14,160.39.36.2,1
2022-12-08 16:00:14,160.39.36.21,1
2022-12-08 16:00:14,160.39.36.32,1
2022-12-08 16:00:14,160.39.36.34,1
2022-12-08 16:00:14,160.39.36.50,1
2022-12-08 16:00:14,160.39.36.52,1
2022-12-08 16:00:14,160.39.36.61,1
2022-12-08 16:00:14,160.39.36.65,1
2022-12-08 16:00:14,160.39.36.83,1
2022-12-08 16:00:14,160.39.37.103,1
2022-12-08 16:00:14,160.39.37.121,1
2022-12-08 16:00:14,160.39.37.133,1
2022-12-08 16:00:14,160.39.37.144,1
2022-12-08 16:00:14,160.39.37.147,1
2022-12-08 16:00:14,160.39.37.161,1
2022-12-08 16:00:14,160.39.37.167,1
2022-12-08 16:00:14,160.39.37.188,1
2022-12-08 16:00:14,160.39.38.1,1
2022-12-08 16:00:14,160.39.38.2,1
2022-12-08 16:00:14,160.39.38.22,1
2022-12-08 16:00:14,160.39.38.37,1
2022-12-08 16:00:14,160.39.38.38,1
2022-12-08 16:00:14,160.39.35.101,1
2022-12-08 16:00:14,160.39.35.103,1
2022-12-08 16:00:14,160.39.35.109,1
2022-12-08 16:00:14,160.39.37.1,1
2022-12-08 16:00:14,160.39.37.2,1
2022-12-08 16:00:14,160.39.37.32,1
2022-12-08 16:00:14,160.39.37.36,1
2022-12-08 16:00:14,160.39.37.45,1
2022-12-08 16:00:14,160.39.37.80,1
2022-12-08 16:00:14,160.39.37.82,1
2022-12-08 16:01:02,160.39.45.204,1
2022-12-08 16:01:02,160.39.45.229,1
2022-12-08 16:01:02,160.39.42.228,1
2022-12-08 16:01:02,160.39.42.242,1
2022-12-08 16:01:02,160.39.42.244,1
2022-12-08 16:01:02,160.39.44.201,1
2022-12-08 16:01:02,160.39.44.206,1
2022-12-08 16:01:02,160.39.44.212,1
2022-12-08 16:01:02,160.39.44.219,1
2022-12-08 16:01:02,160.39.44.226,1
2022-12-08 16:01:02,160.39.44.239,1
2022-12-08 16:01:02,160.39.44.1,1
2022-12-08 16:01:02,160.39.44.17,1
2022-12-08 16:01:02,160.39.44.2,1
2022-12-08 16:01:02,160.39.44.35,1
2022-12-08 16:01:02,160.39.44.56,1
2022-12-08 16:01:02,160.39.44.77,1
2022-12-08 16:01:02,160.39.44.95,1
2022-12-08 16:01:02,160.39.45.1,1
2022-12-08 16:01:02,160.39.45.100,1
2022-12-08 16:01:02,160.39.45.2,1
2022-12-08 16:01:02,160.39.45.75,1
2022-12-08 16:01:02,160.39.45.140,1
2022-12-08 16:01:02,160.39.45.178,1
2022-12-08 16:01:02,160.39.45.194,1
2022-12-08 16:01:02,160.39.42.103,1
2022-12-08 16:01:02,160.39.42.113,1
2022-12-08 16:01:02,160.39.42.167,1
2022-12-08 16:01:02,160.39.42.185,1
2022-12-08 16:01:02,160.39.43.1,1
2022-12-08 16:01:02,160.39.43.2,1
2022-12-08 16:01:02,160.39.43.30,1
2022-12-08 16:01:02,160.39.43.31,1
2022-12-08 16:01:02,160.39.43.40,1
2022-12-08 16:01:02,160.39.43.51,1
2022-12-08 16:01:02,160.39.43.97,1
2022-12-08 16:01:02,160.39.41.1,1
2022-12-08 16:01:02,160.39.41.49,1
2022-12-08 16:01:02,160.39.42.1,1
2022-12-08 16:01:02,160.39.42.13,1
2022-12-08 16:01:02,160.39.42.2,1
2022-12-08 16:01:02,160.39.42.27,1
2022-12-08 16:01:02,160.39.42.34,1
2022-12-08 16:01:02,160.39.40.1,1
2022-12-08 16:01:02,160.39.40.2,1
2022-12-08 16:01:02,160.39.43.233,1
2022-12-08 16:01:02,160.39.44.124,1
2022-12-08 16:01:02,160.39.44.133,1
2022-12-08 16:01:02,160.39.44.136,1
2022-12-08 16:01:02,160.39.44.156,1
2022-12-08 16:01:02,160.39.44.157,1
2022-12-08 16:01:02,160.39.43.129,1
2022-12-08 16:01:02,160.39.43.130,1
2022-12-08 16:01:02,160.39.43.170,1
2022-12-08 16:01:02,160.39.43.175,1
2022-12-08 16:01:02,160.39.43.176,1
2022-12-08 16:01:02,160.39.40.129,1
2022-12-08 16:01:02,160.39.40.138,1
2022-12-08 16:01:02,160.39.40.163,1
2022-12-08 16:01:02,160.39.40.175,1
2022-12-08 16:01:02,160.39.40.193,1
2022-12-08 16:01:02,160.39.46.129,1
2022-12-08 16:01:02,160.39.46.130,1
2022-12-08 16:01:02,160.39.46.187,1
2022-12-08 16:01:02,160.39.41.129,1
2022-12-08 16:01:02,160.39.41.171,1
2022-12-08 16:01:02,160.39.41.177,1
2022-12-08 16:02:01,160.39.52.123,1
2022-12-08 16:02:01,160.39.52.129,1
2022-12-08 16:02:01,160.39.52.196,1
2022-12-08 16:02:01,160.39.49.129,1
2022-12-08 16:02:01,160.39.49.130,1
2022-12-08 16:02:01,160.39.49.136,1
2022-12-08 16:02:01,160.39.49.149,1
2022-12-08 16:02:01,160.39.49.167,1
2022-12-08 16:02:01,160.39.49.169,1
2022-12-08 16:02:01,160.39.49.194,1
2022-12-08 16:02:01,160.39.50.129,1
2022-12-08 16:02:01,160.39.50.130,1
2022-12-08 16:02:01,160.39.51.129,1
2022-12-08 16:02:01,160.39.51.130,1
2022-12-08 16:02:01,160.39.51.178,1
2022-12-08 16:02:01,160.39.51.191,1
2022-12-08 16:02:01,160.39.47.129,1
2022-12-08 16:02:01,160.39.47.139,1
2022-12-08 16:02:01,160.39.47.164,1
2022-12-08 16:02:01,160.39.47.193,1
2022-12-08 16:02:01,160.39.47.199,1
2022-12-08 16:02:01,160.39.46.227,1
2022-12-08 16:02:01,160.39.46.235,1
2022-12-08 16:02:01,160.39.46.238,1
2022-12-08 16:02:01,160.39.49.225,1
2022-12-08 16:02:01,160.39.49.245,1
2022-12-08 16:02:01,160.39.49.246,1
2022-12-08 16:02:02,160.39.51.204,1
2022-12-08 16:02:02,160.39.51.210,1
2022-12-08 16:02:02,160.39.51.218,1
2022-12-08 16:02:02,160.39.51.225,1
2022-12-08 16:02:02,160.39.51.248,1
2022-12-08 16:02:01,160.39.50.237,1
2022-12-08 16:02:01,160.39.47.202,1
2022-12-08 16:02:01,160.39.47.214,1
2022-12-08 16:02:01,160.39.47.225,1
2022-12-08 16:02:01,160.39.47.226,1
2022-12-08 16:02:01,160.39.48.215,1
2022-12-08 16:02:01,160.39.48.1,1
2022-12-08 16:02:01,160.39.48.17,1
2022-12-08 16:02:01,160.39.48.2,1
2022-12-08 16:02:01,160.39.48.21,1
2022-12-08 16:02:01,160.39.48.53,1
2022-12-08 16:02:01,160.39.48.64,1
2022-12-08 16:02:01,160.39.48.96,1
2022-12-08 16:02:01,160.39.49.1,1
2022-12-08 16:02:01,160.39.49.2,1
2022-12-08 16:02:01,160.39.49.24,1
2022-12-08 16:02:01,160.39.49.39,1
2022-12-08 16:02:01,160.39.49.43,1
2022-12-08 16:02:01,160.39.49.49,1
2022-12-08 16:02:01,160.39.49.53,1
2022-12-08 16:02:01,160.39.49.58,1
2022-12-08 16:02:01,160.39.49.65,1
2022-12-08 16:02:01,160.39.49.66,1
2022-12-08 16:02:01,160.39.49.86,1
2022-12-08 16:02:01,160.39.52.1,1
2022-12-08 16:02:01,160.39.52.14,1
2022-12-08 16:02:01,160.39.52.19,1
2022-12-08 16:02:01,160.39.52.22,1
2022-12-08 16:02:01,160.39.52.35,1
2022-12-08 16:02:01,160.39.52.37,1
2022-12-08 16:02:01,160.39.52.38,1
2022-12-08 16:02:01,160.39.52.46,1
2022-12-08 16:02:01,160.39.52.54,1
2022-12-08 16:02:01,160.39.52.74,1
2022-12-08 16:02:01,160.39.52.8,1
2022-12-08 16:02:01,160.39.52.80,1
2022-12-08 16:02:01,160.39.52.99,1
2022-12-08 16:02:01,160.39.47.1,1
2022-12-08 16:02:01,160.39.47.2,1
2022-12-08 16:02:01,160.39.47.28,1
2022-12-08 16:02:01,160.39.47.31,1
2022-12-08 16:02:01,160.39.47.33,1
2022-12-08 16:02:01,160.39.47.59,1
2022-12-08 16:02:01,160.39.47.65,1
2022-12-08 16:02:01,160.39.47.66,1
2022-12-08 16:02:01,160.39.47.97,1
2022-12-08 16:02:01,160.39.47.98,1
2022-12-08 16:02:02,160.39.50.1,1
2022-12-08 16:02:02,160.39.50.2,1
2022-12-08 16:02:02,160.39.50.65,1
2022-12-08 16:02:02,160.39.50.66,1
2022-12-08 16:02:02,160.39.50.9,1
2022-12-08 16:02:02,160.39.50.96,1
2022-12-08 16:02:01,160.39.51.1,1
2022-12-08 16:02:01,160.39.51.2,1
2022-12-08 16:02:01,160.39.51.22,1
2022-12-08 16:02:01,160.39.51.48,1
2022-12-08 16:02:01,160.39.51.65,1
2022-12-08 16:02:01,160.39.48.110,1
2022-12-08 16:02:01,160.39.48.129,1
2022-12-08 16:02:01,160.39.48.130,1
2022-12-08 16:02:02,160.39.53.1,1
2022-12-08 16:02:02,160.39.53.2,1
2022-12-08 16:02:02,160.39.53.59,1
2022-12-08 16:02:02,160.39.53.73,1
2022-12-08 16:02:02,160.39.53.86,1
2022-12-08 16:02:41,160.39.59.207,1
2022-12-08 16:02:41,160.39.59.213,1
2022-12-08 16:02:41,160.39.59.238,1
2022-12-08 16:02:41,160.39.59.242,1
2022-12-08 16:02:41,160.39.59.254,1
2022-12-08 16:02:41,160.39.53.115,1
2022-12-08 16:02:41,160.39.55.108,1
2022-12-08 16:02:41,160.39.55.111,1
2022-12-08 16:02:41,160.39.59.114,1
2022-12-08 16:02:41,160.39.59.130,1
2022-12-08 16:02:41,160.39.59.149,1
2022-12-08 16:02:41,160.39.58.203,1
2022-12-08 16:02:41,160.39.58.211,1
2022-12-08 16:02:41,160.39.58.213,1
2022-12-08 16:02:41,160.39.58.216,1
2022-12-08 16:02:41,160.39.58.231,1
2022-12-08 16:02:41,160.39.58.243,1
2022-12-08 16:02:41,160.39.57.129,1
2022-12-08 16:02:41,160.39.57.168,1
2022-12-08 16:02:41,160.39.57.170,1
2022-12-08 16:02:41,160.39.57.184,1
2022-12-08 16:02:41,160.39.56.116,1
2022-12-08 16:02:41,160.39.56.129,1
2022-12-08 16:02:41,160.39.56.142,1
2022-12-08 16:02:41,160.39.56.177,1
2022-12-08 16:02:41,160.39.56.185,1
2022-12-08 16:02:41,160.39.58.103,1
2022-12-08 16:02:41,160.39.58.129,1
2022-12-08 16:02:41,160.39.58.146,1
2022-12-08 16:02:41,160.39.58.152,1
2022-12-08 16:02:41,160.39.58.162,1
2022-12-08 16:02:41,160.39.58.169,1
2022-12-08 16:02:41,160.39.58.171,1
2022-12-08 16:02:41,160.39.58.175,1
2022-12-08 16:02:41,160.39.58.193,1
2022-12-08 16:02:41,160.39.54.108,1
2022-12-08 16:02:41,160.39.54.171,1
2022-12-08 16:02:41,160.39.54.202,1
